<?xml version="1.0" encoding="UTF-8"?>
<project-private xmlns="http://www.netbeans.org/ns/project-private/1">
    <editor-bookmarks xmlns="http://www.netbeans.org/ns/editor-bookmarks/2" lastBookmarkId="0"/>
    <open-files xmlns="http://www.netbeans.org/ns/projectui-open-files/2">
        <group>
            <file>file:/C:/Users/pasal/Downloads/TCC%20Banco/src/IParty/Cadastrar.java</file>
            <file>file:/C:/Users/pasal/Downloads/TCC%20Banco/src/IParty/Cad_Armazem.java</file>
            <file>file:/C:/Users/pasal/Downloads/TCC%20Banco/src/IParty/Login.java</file>
        </group>
    </open-files>
</project-private>
