<?xml version="1.0" encoding="UTF-8"?>
<project-private xmlns="http://www.netbeans.org/ns/project-private/1">
    <editor-bookmarks xmlns="http://www.netbeans.org/ns/editor-bookmarks/2" lastBookmarkId="0"/>
    <open-files xmlns="http://www.netbeans.org/ns/projectui-open-files/2">
        <group>
            <file>file:/C:/Users/victo/Desktop/TCC%20Banco%20Formatado/src/IParty/Desktop.java</file>
            <file>file:/C:/Users/victo/Desktop/TCC%20Banco%20Formatado/src/IParty/Meus_Eventos.java</file>
            <file>file:/C:/Users/victo/Desktop/TCC%20Banco%20Formatado/src/IParty/Cad_Armazem.java</file>
            <file>file:/C:/Users/victo/Desktop/TCC%20Banco%20Formatado/src/IParty/Cad_Local.java</file>
            <file>file:/C:/Users/victo/Desktop/TCC%20Banco%20Formatado/src/IParty/Op_Armazem.java</file>
            <file>file:/C:/Users/victo/Desktop/TCC%20Banco%20Formatado/src/IParty/Login.java</file>
        </group>
    </open-files>
</project-private>
